{"name":null,"assets":"aoy4:pathy34:assets%2Fdata%2Fdata-goes-here.txty4:sizezy4:typey4:TEXTy2:idR1y7:preloadtgoR0y24:assets%2Ffonts%2F5px.fntR2i11149R3R4R5R7R6tgoR0y26:assets%2Ffonts%2F5px_0.pngR2i976R3y5:IMAGER5R8R6tgoR0y24:assets%2Ffonts%2F8px.fntR2i11150R3R4R5R10R6tgoR0y26:assets%2Ffonts%2F8px_0.pngR2i1272R3R9R5R11R6tgoR0y29:assets%2Ffonts%2F8px_bold.fntR2i11163R3R4R5R12R6tgoR0y31:assets%2Ffonts%2F8px_bold_0.pngR2i1363R3R9R5R13R6tgoR0y25:assets%2Ffonts%2Fmini.fntR2i11147R3R4R5R14R6tgoR0y27:assets%2Ffonts%2Fmini_0.pngR2i1160R3R9R5R15R6tgoR0y28:assets%2Ffonts%2Fpreset.bmfcR2i884R3R4R5R16R6tgoR0y24:assets%2Ffonts%2Frev.fntR2i11146R3R4R5R17R6tgoR0y26:assets%2Ffonts%2Frev_0.pngR2i1117R3R9R5R18R6tgoR0y44:assets%2Fimages%2Fbackgrounds%2Fbackdrop.pngR2i4973R3R9R5R19R6tgoR0y40:assets%2Fimages%2Fbackgrounds%2Fbsod.pngR2i700R3R9R5R20R6tgoR0y39:assets%2Fimages%2Fbackgrounds%2Fhud.pngR2i1268R3R9R5R21R6tgoR0y43:assets%2Fimages%2Fbackgrounds%2Fmenu_bg.pngR2i2981R3R9R5R22R6tgoR0y34:assets%2Fimages%2Fbutton_close.pngR2i124R3R9R5R23R6tgoR0y33:assets%2Fimages%2Fbutton_math.pngR2i188R3R9R5R24R6tgoR0y31:assets%2Fimages%2Fbutton_ok.pngR2i205R3R9R5R25R6tgoR0y27:assets%2Fimages%2Fclick.pngR2i99R3R9R5R26R6tgoR0y28:assets%2Fimages%2Fcursor.pngR2i376R3R9R5R27R6tgoR0y33:assets%2Fimages%2Fcursor_grab.pngR2i337R3R9R5R28R6tgoR0y32:assets%2Fimages%2Fcursor_old.pngR2i176R3R9R5R29R6tgoR0y38:assets%2Fimages%2Fcutscene%2Fenter.pngR2i369R3R9R5R30R6tgoR0y42:assets%2Fimages%2Fcutscene%2Fmessaging.pngR2i1068R3R9R5R31R6tgoR0y36:assets%2Fimages%2Fimages-go-here.txtR2zR3R4R5R32R6tgoR0y34:assets%2Fimages%2Fkeys%2Fkey_a.pngR2i252R3R9R5R33R6tgoR0y34:assets%2Fimages%2Fkeys%2Fkey_b.pngR2i249R3R9R5R34R6tgoR0y40:assets%2Fimages%2Fkeys%2Fkey_control.pngR2i319R3R9R5R35R6tgoR0y34:assets%2Fimages%2Fkeys%2Fkey_g.pngR2i259R3R9R5R36R6tgoR0y34:assets%2Fimages%2Fkeys%2Fkey_h.pngR2i239R3R9R5R37R6tgoR0y34:assets%2Fimages%2Fkeys%2Fkey_m.pngR2i251R3R9R5R38R6tgoR0y34:assets%2Fimages%2Fkeys%2Fkey_s.pngR2i261R3R9R5R39R6tgoR0y38:assets%2Fimages%2Fkeys%2Fkey_shift.pngR2i322R3R9R5R40R6tgoR0y34:assets%2Fimages%2Fkeys%2Fkey_w.pngR2i250R3R9R5R41R6tgoR0y34:assets%2Fimages%2Fkeys%2Fkey_x.pngR2i262R3R9R5R42R6tgoR0y34:assets%2Fimages%2Fkeys%2Fkey_y.pngR2i245R3R9R5R43R6tgoR0y34:assets%2Fimages%2Fkeys%2Fkey_z.pngR2i244R3R9R5R44R6tgoR0y35:assets%2Fimages%2Fmenu%2Fcircle.pngR2i175R3R9R5R45R6tgoR0y36:assets%2Fimages%2Fmenu%2Fhaxejam.pngR2i488R3R9R5R46R6tgoR0y33:assets%2Fimages%2Fmenu%2Finfo.pngR2i122R3R9R5R47R6tgoR0y38:assets%2Fimages%2Fmenu%2Finfo_card.pngR2i1187R3R9R5R48R6tgoR0y33:assets%2Fimages%2Fmenu%2Flogo.pngR2i969R3R9R5R49R6tgoR0y33:assets%2Fimages%2Fmenu%2Fplay.pngR2i364R3R9R5R50R6tgoR0y38:assets%2Fimages%2Fmenu%2Fplay_mask.pngR2i137R3R9R5R51R6tgoR0y32:assets%2Fimages%2Fmenu%2Fpop.pngR2i134R3R9R5R52R6tgoR0y26:assets%2Fimages%2Fplus.pngR2i98R3R9R5R53R6tgoR0y26:assets%2Fimages%2Ftemp.pngR2i206R3R9R5R54R6tgoR0y41:assets%2Fimages%2Fwindows%2Fmash_fill.pngR2i386R3R9R5R55R6tgoR0y40:assets%2Fimages%2Fwindows%2Fpull_bar.pngR2i167R3R9R5R56R6tgoR0y40:assets%2Fimages%2Fwindows%2Fwindow_1.pngR2i1650R3R9R5R57R6tgoR0y40:assets%2Fimages%2Fwindows%2Fwindow_2.pngR2i1450R3R9R5R58R6tgoR0y44:assets%2Fimages%2Fwindows%2Fwindow_big_1.pngR2i1158R3R9R5R59R6tgoR0y43:assets%2Fimages%2Fwindows%2Fwindow_hold.pngR2i361R3R9R5R60R6tgoR0y43:assets%2Fimages%2Fwindows%2Fwindow_mash.pngR2i764R3R9R5R61R6tgoR0y43:assets%2Fimages%2Fwindows%2Fwindow_math.pngR2i266R3R9R5R62R6tgoR0y41:assets%2Fimages%2Fwindows%2Fwindow_ok.pngR2i519R3R9R5R63R6tgoR0y43:assets%2Fimages%2Fwindows%2Fwindow_pull.pngR2i707R3R9R5R64R6tgoR0y45:assets%2Fimages%2Fwindows%2Fwindow_typing.pngR2i448R3R9R5R65R6tgoR2i2344056R3y5:MUSICR5y29:assets%2Fmusic%2Fdisposal.mp3y9:pathGroupaR67hR6tgoR0y36:assets%2Fmusic%2Fmusic-goes-here.txtR2zR3R4R5R69R6tgoR2i4558R3R66R5y25:assets%2Fsounds%2Fbad.mp3R68aR70hR6tgoR2i4183R3R66R5y27:assets%2Fsounds%2Fclick.mp3R68aR71hR6tgoR2i14582R3R66R5y25:assets%2Fsounds%2Fend.mp3R68aR72hR6tgoR2i714937R3R66R5y25:assets%2Fsounds%2Ffan.mp3R68aR73hR6tgoR2i1688R3R66R5y26:assets%2Fsounds%2Fgood.mp3R68aR74hR6tgoR2i4128R3R66R5y35:assets%2Fsounds%2Fkeys%2Fkey-01.mp3R68aR75hR6tgoR2i4584R3R66R5y35:assets%2Fsounds%2Fkeys%2Fkey-02.mp3R68aR76hR6tgoR2i4200R3R66R5y35:assets%2Fsounds%2Fkeys%2Fkey-03.mp3R68aR77hR6tgoR2i4200R3R66R5y35:assets%2Fsounds%2Fkeys%2Fkey-04.mp3R68aR78hR6tgoR2i4392R3R66R5y35:assets%2Fsounds%2Fkeys%2Fkey-05.mp3R68aR79hR6tgoR2i3936R3R66R5y35:assets%2Fsounds%2Fkeys%2Fkey-06.mp3R68aR80hR6tgoR2i4440R3R66R5y35:assets%2Fsounds%2Fkeys%2Fkey-07.mp3R68aR81hR6tgoR2i8138R3R66R5y28:assets%2Fsounds%2Fmetal1.mp3R68aR82hR6tgoR2i8762R3R66R5y28:assets%2Fsounds%2Fmetal2.mp3R68aR83hR6tgoR2i11594R3R66R5y28:assets%2Fsounds%2Fmetal3.mp3R68aR84hR6tgoR2i12854R3R66R5y27:assets%2Fsounds%2FnewHS.mp3R68aR85hR6tgoR2i3173R3R66R5y26:assets%2Fsounds%2Fpop1.mp3R68aR86hR6tgoR2i3245R3R66R5y26:assets%2Fsounds%2Fpop2.mp3R68aR87hR6tgoR2i3341R3R66R5y26:assets%2Fsounds%2Fpop3.mp3R68aR88hR6tgoR2i2710R3R66R5y24:assets%2Fsounds%2Fs1.mp3R68aR89hR6tgoR2i2239R3R66R5y24:assets%2Fsounds%2Fs2.mp3R68aR90hR6tgoR2i2239R3R66R5y24:assets%2Fsounds%2Fs3.mp3R68aR91hR6tgoR0y36:assets%2Fsounds%2Fsounds-go-here.txtR2zR3R4R5R92R6tgoR2i2114R3R66R5y26:flixel%2Fsounds%2Fbeep.mp3R68aR93y26:flixel%2Fsounds%2Fbeep.ogghR6tgoR2i39706R3R66R5y28:flixel%2Fsounds%2Fflixel.mp3R68aR95y28:flixel%2Fsounds%2Fflixel.ogghR6tgoR2i5794R3y5:SOUNDR5R94R68aR93R94hgoR2i33629R3R97R5R96R68aR95R96hgoR2i15744R3y4:FONTy9:classNamey35:__ASSET__flixel_fonts_nokiafc22_ttfR5y30:flixel%2Ffonts%2Fnokiafc22.ttfR6tgoR2i29724R3R98R99y36:__ASSET__flixel_fonts_monsterrat_ttfR5y31:flixel%2Ffonts%2Fmonsterrat.ttfR6tgoR0y33:flixel%2Fimages%2Fui%2Fbutton.pngR2i519R3R9R5R104R6tgoR0y36:flixel%2Fimages%2Flogo%2Fdefault.pngR2i3280R3R9R5R105R6tgh","rootPath":null,"version":2,"libraryArgs":[],"libraryType":null}